prename,CIP,CTX,CTZ,GEN
H100_S2_L001,0,1,0,0
H105_S3_L001,1,1,0,0
H108_S5_L001,0,1,0,0
H109_S2_L001,0,1,0,0
H113_S6_L001,1,1,0,0
H116_S8_L001,1,1,1,1
H119_S7_L001,1,1,1,1
H122_S4_L001,1,1,1,1
H123_S1_L001,1,1,0,1
H130_S2_L001,0,1,1,1
H136_S7_L001,1,1,0,0
H141_S6_L001,0,1,1,0
H148_S4_L001,1,1,1,1
H153_S1_L001,1,1,1,1
H154_S2_L001,1,1,1,1
H157_S3_L001,0,1,0,0
H160_S3_L001,1,1,1,1
H162_S4_L001,1,1,0,1
H164_S3_L001,1,1,1,1
H17_S2_L001,1,1,0,0
H176_S5_L001,1,1,0,0
H28_S10_L001,0,1,0,0
H3_S1_L001,1,1,1,0
H37_S3_L001,1,1,0,0
H38_S4_L001,1,1,1,0
H50_S7_L001,0,1,0,1
H51_S5_L001,1,1,0,0
H53_S4_L001,1,1,1,0
H66_S1_L001,1,1,1,1
H69_S6_L001,1,1,0,0
H71_S1_L001,1,1,1,1
H83_S7_L001,0,1,0,0
H86_S1_L001,1,1,0,1
NNRBG-17-0191-1_S1,0,0,0,1
NNRBG-17-0193-1_S2,0,0,0,0
NNRBG-17-0196-1_S3,0,0,0,0
NNRBG-17-0198-1_S4,0,0,0,0
NNRBG-17-0199-1_S5,1,0,0,0
NNRBG-17-0201-1_S6,0,0,0,0
NNRBG-17-0205-1_S7,1,0,0,0
NNRBG-17-0227-1_S8,0,0,0,0
NNRBG-17-0234-1_S9,0,0,0,0
NNRBG-17-0239-1_S10,0,0,0,0
NNRBG-17-0242-1_S11,0,0,0,0
NNRBG-17-0243-1_S12,0,0,0,0
NNRBG-17-0249-1_S13,0,0,0,0
NNRBG-17-0255-1_S14,1,0,0,0
NNRBG-17-0278-1_S16,0,0,0,0
NNRBG-17-0287-1_S17,0,0,0,0
NNRBG-17-0294-1_S18,0,0,0,0
NNRBG-17-0298-1_S19,0,0,0,0
NNRBG-17-0308-1_S20,0,0,0,0
NNRBG-17-0316-1_S23,1,0,0,0
NNRBG-17-0319-1_S24,0,0,0,0
NNRBG-17-0328-1_S25,0,0,0,0
NNRBG-17-0329-1_S26,0,0,0,0
NNRBG-17-0346-1_S30,1,0,0,0
NNRBG-17-0378-1_S37,1,0,0,1
NNRBG-17-0382-1_S38,0,0,0,0
NNRBG-17-0399-1_S40,0,0,0,0
NNSurvcare045_S41,1,1,1,0
RBB-17-011-1_S40,1,1,1,0
RBB-17-171-1_S52,1,1,1,0
RBB-18-0129-1_S179,1,1,1,0
RBB-18-0490-1_S20_L001,1,1,1,0
RBB-18-0519-1_S184,1,1,1,0
RBB-18-0537-1_S21_L001,1,1,1,0
RBB-18-0546-1_S22_L001,1,1,1,0
RBB-18-0665-1_S23_L001,1,1,1,0
RBB-18-0668-1_S188,1,1,1,1
RBB-18-0674-1_S189,1,1,1,1
RBB-18-0765-1_S191,1,1,1,0
RBB-18-0772-1_S192,1,1,1,0
RBB-18-0826-1_S193,1,1,1,0
RBB-18-0892-1_S80_2,1,1,1,1
RBB-18-0972-1_S203_2,1,1,1,1
RBB-18-1086-1_S189_2,0,1,1,0
RBB-18-1212-1_S67_2,1,1,1,0
RBB-18-1309-1_S42,1,1,1,1
RBB-18-1312-1_S43,1,1,1,0
RBB-18-1393-1_S48,1,1,1,0
RBB-18-1406-1_S49,1,1,1,0
RBB-18-1460-1_S45,1,1,1,1
RBB-18-1488-1_S46,1,1,1,0
RBB-18-1502-1_S47,0,1,1,1
RBB-19-0014-1_S44,1,1,1,0
RBBK18-0189-1_S24_L001,1,0,0,1
RBF-10-0240-1_S12_L001,0,0,0,1
RBF-16-004-1_S18,1,1,0,0
RBF-16-0064-1_S136,0,0,0,0
RBF-16-060-1_S22,1,1,1,0
RBF-16-073-1_S23,1,1,1,0
RBF-17-0164-1_S137,0,0,0,0
RBF-17-0173-1_S138,0,0,0,0
RBF-17-0178-1_S139,1,0,0,0
RBF-17-0194-1_S140,0,0,0,0
RBF-17-0195-1_S141,0,0,0,0
RBF-17-0340-1_S81,1,1,1,0
RBF-17-0424-1_S15,1,1,0,0
RBF-17-0438-1_S9,1,1,1,1
RBF-17-0450-1_S10,1,1,0,0
RBF-17-0467-1_S12,1,1,1,0
RBF-17-0489-1_S13,1,1,1,0
RBF-17-0508-1_S73,0,0,0,0
RBF-17-0509-1_S74,0,0,0,0
RBF-17-0513-1_S76,0,0,0,0
RBF-17-0520-2_S55,1,1,1,1
RBF-17-0521-1_S78,1,0,0,0
RBF-17-0523-1_S30,0,0,0,0
RBF-17-0532-1_S80,1,0,0,0
RBF-17-0532-2_S31,1,0,0,0
RBF-17-0537-1_S56,1,1,1,1
RBF-17-0538-1_S82,0,0,0,0
RBF-17-0540-1_S83,0,0,0,0
RBF-17-0550-1_S84,0,0,0,0
RBF-17-0553-1_S85,1,0,0,0
RBF-17-0572-2_S89,0,0,0,0
RBF-17-0587-1_S91,0,0,0,0
RBF-17-0589-1_S92,0,0,0,0
RBF-17-0602-1_S93,0,0,0,0
RBF-17-0605-1_S94,0,0,0,0
RBF-17-0614-3_S95,0,0,0,0
RBF-17-0616-1_S96,0,0,0,0
RBF-17-0630-1_S59,0,1,1,0
RBF-17-0632-1_S97,0,0,0,0
RBF-17-0635-1_S98,1,0,0,1
RBF-17-0645-1_S61,0,1,0,0
RBF-17-0647-1_S99,0,0,0,0
RBF-17-0648-1_S100,0,0,0,0
RBF-17-0651-1_S62,1,1,0,0
RBF-17-0653-1_S101,0,0,0,0
RBF-17-0664-1_S63,0,1,0,0
RBF-17-067-1_S54,1,1,1,1
RBF-17-094-1_S56,1,1,1,1
RBF-17-170-1_S66,1,1,1,1
RBF-17-186-1_S69,1,1,1,1
RBF-17-266-1_S70,0,1,1,1
RBF-17-277-1_S73,1,1,1,0
RBF-17-318-1_S77,1,1,1,1
RBF-18-0013-1_S25_L001,0,0,0,0
RBF-18-0019-1_S2,1,0,0,1
RBF-18-0027-1_S5,1,0,0,1
RBF-18-0035-1_S6,0,0,0,0
RBF-18-0036-1_S7,0,0,0,0
RBF-18-0055-1_S11,0,0,0,0
RBF-18-0064-2_S14,0,0,0,0
RBF-18-0066-1_S15,0,0,0,0
RBF-18-0068-1_S77,1,1,1,0
RBF-18-0069-1_S78,1,1,1,1
RBF-18-0072-1_S16,0,0,0,0
RBF-18-0075-1_S79,1,1,1,1
RBF-18-0085-1_S21,0,0,0,0
RBF-18-0086-1_S22,0,0,0,0
RBF-18-0087-1_S23,0,0,0,0
RBF-18-0088-1_S24,1,0,0,1
RBF-18-0093-1_S80,1,1,0,1
RBF-18-0099-1_S26,0,0,0,0
RBF-18-0121-1_S28,1,0,0,1
RBF-18-0123-1_S25_L001,0,1,0,0
RBF-18-0125-1_S30,0,0,0,0
RBF-18-0126-1_S31,0,0,0,0
RBF-18-0127-1_S32,0,0,0,0
RBF-18-0132-1_S26,0,0,0,0
RBF-18-0135-1_S34,1,0,0,1
RBF-18-0139-1_S35,0,0,0,0
RBF-18-0147-1_S36,0,0,0,0
RBF-18-0151-1_S83,1,1,1,0
RBF-18-0160-1_S37,0,0,0,0
RBF-18-0163-2_S39,0,0,0,0
RBF-18-0172-1_S40,1,0,0,1
RBF-18-0173-1_S27,0,0,0,0
RBF-18-0174-1_S28,1,1,0,1
RBF-18-0179-1_S29,0,0,0,0
RBF-18-0184-1_S30,1,0,0,0
RBF-18-0187-1_S31,1,1,1,0
RBF-18-0192-1_S44,0,0,0,0
RBF-18-0194-1_S86,1,1,1,0
RBF-18-0196-1_S46,1,0,0,0
RBF-18-0199-1_S47,1,0,0,0
RBF-18-0200-1_S48,0,0,0,0
RBF-18-0201-1_S49,0,0,0,0
RBF-18-0208-2_S11_L001,0,0,0,0
RBF-18-0214-1_S51,0,0,0,0
RBF-18-0217-1_S54,0,0,0,0
RBF-18-0227-1_S53,0,0,0,0
RBF-18-0251-1_S55,0,0,0,0
RBF-18-0252-1_S56,0,0,0,0
RBF-18-0253-1_S13_L001,1,0,0,0
RBF-18-0259-1_S33,0,0,0,0
RBF-18-0277-1_S61,1,0,0,0
RBF-18-0280-1_S62,0,0,0,0
RBF-18-0282-1_S63,0,0,0,0
RBF-18-0294-1_S64,0,0,0,0
RBF-18-0296-1_S17,0,0,0,0
RBF-18-0310-1_S36,0,0,0,0
RBF-18-0321-1_S69,0,0,0,0
RBF-18-0333-1_S70,0,0,0,0
RBF-18-0338-1_S72,0,0,0,0
RBF-18-0339-1_S37,0,0,0,0
RBF-18-0405-1_S81_2,1,1,1,0
RBF-18-0585-1_S48,1,1,1,0
RBF-18-0634-1_S183,1,1,0,0
RBF-18-0664-1_S190,0,1,0,0
RBF-18-0714-2_S204_2,1,1,1,0
RBG-17-013-1_S16,1,1,1,1
RBG-17-0269-1_S41,0,0,0,0
RBG-17-0284-1_S59,0,0,0,0
RBG-17-0351-1_S20_L001,1,1,1,0
RBG-17-0383-1_S44,1,0,0,0
RBg-17-123-2_S12,0,0,0,0
RBG-18-0004-1_S1,1,1,1,0
RBG-18-0012-1_S3,1,0,0,1
RBG-18-0017-1_S5,1,0,0,0
RBG-18-0023-1_S2,1,0,0,1
RBG-18-0025-1_S9_L001,0,0,0,0
RBG-18-0029-1_S40,0,0,0,0
RBG-18-0041-1_S6,1,0,0,0
RBG-18-0054-1_S42,0,0,0,0
RBG-18-0055-1_S43,1,0,0,0
RBG-18-0071-1_S44,1,0,0,0
RBG-18-0072-1_S8,0,0,0,0
RBG-18-0076-1_S10,1,0,0,0
RBG-18-0077-1_S9,1,1,1,1
RBG-18-0083-1_S12,0,0,0,0
RBG-18-0085-1_S11,0,0,0,1
RBG-18-0099-1_S14,1,1,1,0
RBG-18-0108-1_S16,0,0,0,0
RBG-18-0113-1_S13_L001,0,0,0,0
RBG-18-0129-1_S15_L001,1,1,1,0
RBG-18-0140-1_S14_L001,0,0,0,0
RBG-18-0144-1_S38,0,0,0,0
RBG-18-0153-1_S14,1,0,0,0
RBG-18-0166-1_S10_L001,0,0,0,0
RBG-18-0170-1_S41,0,0,0,0
RBG-18-0177-1_S17_L001,1,1,1,1
RBG-18-0185-1_S40,0,0,0,0
RBG-18-0191-1_S11_L001,0,0,0,0
RBG-18-0193-1_S8,0,0,0,0
RBG-18-0194-1_S45,0,0,0,0
RBG-18-0200-1_S18_L001,1,1,1,1
RBG-18-0202-1_S13_L001,0,0,0,0
RBG-18-0204-1_S23_L001,0,0,0,0
RBG-18-0206-2_S46,1,0,0,0
RBG-18-0209-2_S46,0,0,0,0
RBG-18-0211-1_S35,1,1,1,0
RBG-18-0221-1_S47,1,0,0,1
RBG-18-0223-1_S2,0,0,0,0
RBG-18-0224-1_S24_L001,1,1,1,1
RBG-18-0239-1_S4,0,0,0,0
RBG-18-0256-1_S8_L001,0,1,1,0
RBG-18-0265-1_S49,0,0,0,0
RBG-18-0276-1_S50,1,0,0,0
RBG-18-0279-1_S36,1,1,1,0
RBG-18-0280-1_S51,1,0,0,0
RBG-18-0289-1_S37,0,1,1,1
RBG-18-0300-1_S52,0,0,0,0
RBG-18-0301-1_S53,0,0,0,0
RBG-18-0308-1_S54,1,1,1,0
RBG-18-0312-1_S55,1,0,0,0
RBG-18-0347-1_S22_L001,0,0,0,0
RBG-18-0352-1_S21_L001,0,0,0,0
RBG-18-0355-1_S19_L001,0,0,0,0
RBG-18-0358-1_S39,0,1,1,0
RBG-18-0367-1_S57,1,0,0,0
RBG-18-0380-1_S48,1,0,0,0
RBG-18-0381-1_S49,0,0,0,0
RBG-18-0383-1_S37,1,1,1,1
RBG-18-0388-1_S21_L001,1,1,1,1
RBG-18-0391-1_S22_L001,1,1,1,1
RBG-18-0394-1_S23_L001,0,0,0,0
RBG-18-0402-1_S50,1,1,1,0
RBG-18-0410-1_S12,1,1,1,0
RBG-18-0417-1_S52,0,0,0,0
RBG-18-0421-1_S53,1,1,1,1
RBG-18-0437-1_S54,1,1,0,0
RBK-16-007-1_S13,1,1,1,0
RBK-16-073-1_S14,0,1,1,0
RBK-16-079-1_S15,0,1,1,1
RBK-16-124-1_S16,0,1,1,0
RBK-17-0457-1_S6,1,1,1,1
RBK-17-049-1_S62,1,1,1,0
RBK-17-0492-1_S8,1,1,1,1
RBK-17-0588-1_S24,1,1,1,0
RBK-17-0595-1_S187,0,1,1,0
RBK-17-0601-1_S25,1,1,1,0
RBK-17-0612-1_S27,1,1,1,1
RBK-17-0655-5_S182,1,1,1,0
RBK-18-0002-1_S38,1,1,1,1
RBK-18-0005-1_S18,0,0,0,0
RBK-18-0019-1_S195,0,0,0,0
RBK-18-0020-1_S19,0,0,0,0
RBK-18-0022-1_S197,0,0,0,0
RBK-18-0037-1_S199,0,0,0,0
RBK-18-0038-1_S200,0,0,0,0
RBK-18-0047-1_S20,0,0,0,0
RBK-18-0060-1_S22,0,0,0,0
RBK-18-0062-2_S203,0,0,0,0
RBK-18-0077-1_S212,1,1,1,1
RBK-18-0080-1_S205,1,0,0,0
RBK-18-0104-1_S206,0,0,0,0
RBk-18-0216-1_S231_2,0,0,0,0
RBK-18-0236-2_S52_2,1,1,1,0
RBK-18-0250-1_S235_2,1,0,0,0
RBK-18-0414-1_S59,0,0,0,0
RBK-18-0644-1_S180,0,1,1,0
RBKk-18-0108-1_S201,1,1,1,0
RBL-17-0076-1_S32,1,0,0,0
RBL-17-0090-1_S145,0,0,0,0
RBL-17-0093-1_S146,0,0,0,0
RBL-17-0095-1_S147,0,0,0,0
RBL-17-0101-1_S148,0,0,0,0
RBL-17-0104-1_S149,0,0,0,0
RBL-17-0107-1_S150,0,0,0,0
RBL-17-0108-1_S151,0,0,0,0
RBL-17-0113-1_S153,1,0,0,1
RBL-17-0116-1_S154,0,0,0,0
RBL-17-0117-1_S155,0,0,0,0
RBL-17-0118-1_S156,0,0,0,0
RBL-17-0123-1_S157,1,0,0,0
RBL-17-0129-1_S158,0,0,0,0
RBL-17-0133-1_S159,0,0,0,0
RBL-17-0135-1_S160,0,0,0,0
RBL-17-0136-1_S161,0,0,0,0
RBL-17-0138-1_S162,0,0,0,0
RBL-17-0144-1_S163,1,0,0,0
RBL-17-0155-1_S165,1,0,0,0
RBL-17-0159-1_S166,0,0,0,0
RBL-17-0165-1_S167,0,0,0,0
RBL-17-0172-1_S170,0,0,0,0
RBL-17-0189-1_S172,0,0,0,0
RBL-17-0197-1_S173,0,0,0,0
RBL-17-0199-1_S174,1,0,0,0
RBL-17-0205-1_S175,0,0,0,0
RBL-17-0217-1_S176,0,0,0,0
RBL-17-0226-1_S41,1,1,1,1
RBL-17-0232-1_S91,0,0,0,0
RBL-17-0235-1_S92,0,0,0,0
RBL-17-0242-1_S42,1,1,1,1
RBL-17-0244-1_S44,1,1,1,0
RBL-17-0246-1_S94,0,0,0,1
RBL-17-0256-1_S98,0,0,0,0
RBL-17-0259-1_S99,0,0,0,0
RBL-17-0261-1_S100,1,0,0,0
RBL-17-0263-1_S102,0,0,0,0
RBL-17-0264-1_S103,1,0,0,0
RBL-17-0267-1_S104,0,0,0,0
RBL-17-0274-2_S105,0,0,0,0
RBL-17-0283-1_S27,0,0,0,0
RBL-17-0300-1_S112,0,0,0,0
RBL-17-0305-1_S49,1,1,1,1
RBL-17-0306-1_S50,1,1,1,1
RBL-17-0307-1_S51,1,1,1,1
RBL-17-0320-1_S114,1,0,0,0
RBL-17-0323-1_S115,0,0,0,0
RBL-17-0324-1_S54,0,1,1,0
RBL-17-0327-1_S116,0,0,0,0
RBL-17-0328-1_S117,0,0,0,0
RBL-17-0332-1_S118,0,0,0,0
RBL-17-0340-1_S102,0,0,0,0
RBL-17-0342-1_S103,0,0,0,0
RBL-17-0347-1_S104,0,0,0,0
RBL-17-0349-1_S105,0,0,0,0
RBL-17-0350-1_S106,1,0,0,0
RBL-17-0359-1_S66,1,1,1,1
RBL-17-0360-1_S108,0,0,0,0
RBL-17-0365-1_S112,0,0,0,0
RBL-17-0366-1_S113,1,0,0,1
RBL-17-0368-1_S114,0,0,0,0
RBL-17-0374-1_S116,0,0,0,0
RBL-17-0375-1_S117,1,0,0,0
RBL-17-0383-1_S119,0,0,0,0
RBL-17-0390-1_S121,0,0,0,0
RBL-17-0391-1_S122,0,0,0,0
RBL-17-0392-1_S69,1,1,1,1
RBL-17-0393-1_S123,0,0,0,0
RBL-17-0395-1_S124,0,0,0,0
RBL-17-0397-1_S125,0,0,0,0
RBL-17-0402-1_S126,0,0,0,0
RBL-17-0409-1_S127,0,0,0,0
RBL-17-0411-1_S128,0,0,0,0
RBL-17-0428-1_S70,1,1,1,0
RBL-17-0429-1_S130,0,0,0,0
RBL-17-0432-1_S132,1,0,0,0
RBL-17-0434-1_S133,0,0,0,0
RBL-17-0435-1_S134,0,0,0,0
RBL-17-060-1_S17,1,1,1,0
RBL-17-075-1_S18,1,1,1,1
RBL-18-0002-1_S158,0,0,0,0
RBL-18-0010-1_S159,0,0,0,0
RBL-18-0016-1_S161,0,0,0,0
RBL-18-0019-1_S41,0,0,0,0
RBL-18-0021-1_S42,1,0,0,0
RBL-18-0022-1_S43,0,0,0,0
RBL-18-0032-1_S167,0,0,0,0
RBL-18-0037-1_S168,0,0,0,0
RBL-18-0048-1_S44,1,0,0,0
RBL-18-0055-1_S170,0,0,0,0
RBL-18-0059-1_S171,1,0,0,0
RBL-18-0066-1_S173,0,0,0,0
RBL-18-0076-1_S47,1,1,1,0
RBL-18-0085-1_S176,0,0,0,0
RBL-18-0090-1_S48,1,1,1,0
RBL-18-0093-1_S49,1,0,0,0
RBL-18-0098-1_S178,1,0,0,0
RBL-18-0131-1_S188_2,1,1,1,1
RBL-18-0194-1_S195_2,1,1,1,1
RBL-18-0242-1_S51,0,0,0,0
RBL-18-0343-1_S6,1,1,1,0
RBL-18-0467-1_S228_2,1,1,1,1
RBL-18-0500-1_S230_2,1,1,1,0
RBT-16-0024-1_S10,1,1,1,1
RBT-16-0038-1_S11,1,1,1,0
RBT-16-0045-1_S58,1,1,1,0
RBT-17-0003-1_S16,0,0,0,0
RBT-17-0008-1_S18,0,0,0,0
RBT-17-0009-1_S21,1,0,0,0
RBT-17-0011-1_S19,0,0,0,0
RBT-17-0019-1_S62,1,1,1,0
RBT-17-0022-1_S24,0,0,0,0
RBT-17-0023-1_S25,1,0,0,0
RBT-17-0024-1_S23,0,0,0,0
RBT-17-0027-1_S3,0,0,0,0
RBT-17-0033-1_S12,1,1,1,1
RBT-17-0039-1_S28,0,1,1,1
RBT-17-0079-1_S29,0,0,0,0
RBT-17-0082-1_S30,0,0,0,0
RBT-17-0084-1_S31,0,0,0,0
RBT-17-0090-1_S32,0,0,0,0
RBT-17-0097-1_S34,1,1,1,1
RBT-17-0099-1_S35,1,0,0,0
RBT-17-0100-1_S36,1,1,0,0
RBT-17-0102-1_S37,1,0,0,0
RBT-17-0107-1_S39,0,0,0,0
RBT-17-0109-1_S40,0,0,0,0
RBT-17-0112-1_S41,0,0,0,0
RBT-17-0113-1_S42,0,0,0,0
RBT-17-0118-1_S45,0,0,0,0
RBT-17-0124-1_S46,0,0,0,0
RBT-17-0130-1_S27,0,0,0,0
RBT-17-0133-1_S6,1,0,0,0
RBT-17-0138-1_S52,1,0,0,0
RBT-17-0142-1_S53,0,0,0,0
RBT-17-0149-1_S13,0,1,1,0
RBT-17-0150-1_S54,0,0,0,0
RBT-17-0156-1_S56,1,0,0,0
RBT-17-0161-1_S57,0,0,0,0
RBT-17-0163-1_S59,0,0,0,0
RBT-17-0165-1_S60,0,0,0,0
RBT-17-0167-1_S27,0,0,0,0
RBT-17-0168-1_S61,0,0,0,0
RBT-17-0173-1_S63,0,0,0,0
RBT-17-0174-1_S64,0,0,0,0
RBT-17-0177-1_S65,1,0,0,0
RBT-17-0177-2_S7,1,0,0,0
RBT-17-0178-1_S66,0,0,0,0
RBT-17-0183-1_S67,0,0,0,0
RBT-17-0188-1_S68,0,1,1,0
RBT-17-0194-1_S30,0,0,0,0
RBT-17-0210-1_S55,0,0,0,0
RBT-17-0217-1_S7,1,0,0,1
RBT-17-0219-1_S8,0,1,0,0
RBT-17-0225-1_S9,0,0,0,0
RBT-17-0228-1_S10,0,0,0,0
RBT-17-0232-1_S58,1,0,0,1
RBT-17-0238-1_S59,0,0,0,0
RBT-17-0239-1_S60,0,0,0,0
RBT-17-0243-1_S11,0,0,0,0
RBT-17-0249-1_S61,1,1,1,1
RBT-17-0251-1_S62,1,1,0,1
RBT-17-0256-1_S25,0,0,0,0
RBT-17-0270-1_S65,1,0,0,0
RBT-17-0279-1_S12,0,0,0,0
RBT-17-0285-1_S66,1,0,0,0
RBT-17-0287-1_S10,0,0,0,0
RBT-17-0291-1_S14,1,0,0,1
RBT-17-0295-1_S15,0,0,0,0
RBT-17-0328-1_S16,1,1,1,0
RBT-17-0337-1_S19,0,0,0,0
RBT-17-0339-1_S20,1,0,0,0
RBT-18-0004-1_S51,1,1,1,1
RBT-18-0017-1_S67,0,0,0,0
RBT-18-0021-1_S56,1,1,1,1
RBT-18-0023-1_S14,0,0,0,0
RBT-18-0027-1_S68,0,0,0,0
RBT-18-0030-1_S69,0,0,0,0
RBT-18-0042-1_S60,0,0,0,0
RBT-18-0045-1_S70,1,0,0,0
RBT-18-0046-1_S2,1,0,0,0
RBT-18-0050-1_S34,0,0,0,0
RBT-18-0052-1_S35,0,1,1,0
RBT-18-0053-1_S36,1,1,1,1
RBT-18-0056-1_S37,0,0,0,0
RBT-18-0057-1_S38,0,0,0,1
RBT-18-0064-1_S15,0,0,0,0
RBT-18-0066-1_S40,0,0,0,0
RBT-18-0071-1_S41,0,0,0,0
RBT-18-0079-1_S16,0,0,0,0
RBT-18-0080-1_S49,1,1,1,1
RBT-18-0091-1_S42,0,0,0,0
RBT-18-0095-1_S19,0,0,0,0
RBT-18-0096-1_S20,0,0,0,0
RBT-18-0100-1_S21,1,0,0,0
RBT-18-0101-1_S22,0,0,0,0
RBT-18-0102-1_S23,0,0,0,0
RBT-18-0103-1_S24,0,0,0,0
RBT-18-0110-1_S27,1,0,0,0
RBT-18-0113-1_S44,0,0,0,0
RBT-18-0115-1_S45,0,0,0,0
RBT-18-0116-1_S46,1,0,0,0
RBT-18-0120-1_S48,1,0,0,0
RBT-18-0121-1_S28,0,0,0,0
RBT-18-0122-1_S63,1,0,0,0
RBT-18-0125-1_S50,0,0,0,0
RBT-18-0127-1_S51,0,0,0,0
RBT-18-0129-1_S52,0,0,0,0
RBT-18-0133-1_S30,0,0,0,0
RBT-18-0134-1_S29,0,0,0,0
RBT-18-0141-1_S32,0,0,0,0
RBT-18-0146-1_S55,1,0,0,0
RBT-18-0164-1_S34,1,0,0,0
RBT-18-0173-1_S35,1,0,0,0
RBT-18-0179-1_S37,0,0,0,0
RBT-18-0181-1_S61,1,1,1,0
RBT-18-0184-1_S38,1,1,1,1
RBT-18-0185-1_S39,0,0,0,0
RBT-18-0197-1_S40,0,0,0,0
RBT-18-0205-1_S6,1,1,1,1
RBT-18-0224-1_S43,0,0,0,0
RBT-18-0227-1_S46,1,1,1,1
RBT-18-0230-1_S45,0,0,0,0
RBT-18-0231-1_S14,0,1,0,0
RBT-18-0232-1_S47,0,0,0,0
RBT-18-0234-1_S15,1,1,1,1
RBT-18-0236-1_S48,1,1,1,1
RBT-18-0241-1_S50,0,0,0,0
RBT-18-0246-1_S52,0,0,0,0
RBT-18-0247-1_S16,1,1,1,1
RBT-18-0251-1_S7,0,0,0,0
RBT-18-0252-1_S53,1,0,0,0
RBT-18-0253-1_S54,0,0,0,1
RBT-18-0259-1_S55,0,0,0,0
RBT-18-0263-1_S58,0,0,0,0
RBT-18-0265-1_S59,0,0,0,0
RBT-18-0269-1_S61,0,0,0,0
RBT-18-0271-1_S62,0,0,0,0
RBT-18-0275-1_S63,0,0,0,0
RBT-18-0278-1_S64,1,0,0,0
RBT-18-0283-1_S65,0,0,0,0
RBT-18-0284-1_S66,1,1,1,1
RBT-18-0288-1_S68,1,0,0,0
RBT-18-0292-1_S70,0,0,0,0
RBT-18-0293-1_S71,0,0,0,0
RBT-18-0296-1_S72,1,1,1,1
RBT-18-0303-1_S20,1,0,0,1
RBT-18-0308-1_S34,0,0,0,0
RBT-18-0316-1_S43,0,0,0,0
RBT-18-0317-1_S27,0,0,0,0
RBT-18-0324-1_S57,1,1,1,1
RBT-18-0325-1_S44,0,0,0,0
RBT-18-0331-1_S22,0,0,0,0
RBT-18-0334-1_S23,0,0,0,0
RBT-18-0335-1_S41,1,0,0,1
RBT-18-0337-1_S46,0,1,0,0
RBT-18-0338-1_S35,0,0,0,0
RBT-18-0339-1_S47,0,0,0,0
RBT-18-0340-1_S36,0,0,0,0
RBT-18-0341-1_S24,1,0,0,0
RBT-18-0351-1_S48,0,0,0,0
RBT-18-0357-1_S27,0,0,0,0
RBT-18-0358-1_S28,0,0,0,0
RBT-18-0360-1_S39,1,0,0,1
RBT-18-0361-1_S38,0,0,0,0
RBT-18-0363-1_S72,1,1,1,1
RBT-18-0364-1_S29,0,0,0,0
RBT-18-0365-1_S30,0,0,0,0
RBT-18-0368-1_S32,0,1,1,0
RBT-18-0370-1_S33,0,0,0,0
RBT-18-0372-1_S31,1,1,1,0
RBT-18-0377-1_S1,0,0,0,0
RBT-18-0384-1_S40,0,0,0,0
RBT-18-0385-1_S34,0,0,0,0
RBT-18-0391-1_S35,1,1,1,0
RBT-18-0392-1_S56,1,1,1,0
RBT-18-0401-1_S43,1,0,0,0
ResetH1_S1_L001,1,1,0,0
ResetH10_S1_L001,1,1,0,1
ResetH115_S6_L001,1,1,0,0
ResetH127_S6_L001,1,1,1,1
ResetH129_S7_L001,1,1,1,1
ResetH131_S7_L001,1,1,1,0
ResetH132_S1_L001,0,1,1,0
ResetH134_S8_L001,0,1,1,0
ResetH139_S3_L001,0,1,0,0
ResetH152_S4_L001,1,1,1,1
ResetH16_S2_L001,1,1,1,0
ResetH24a_S3_2_L001,1,1,1,1
ResetH30_S4_L001,0,1,0,0
ResetH44_S3_L001,1,1,0,1
ResetH45_S5_L001,0,1,0,0
ResetH49b_S6_L001,0,1,0,0
ResetH63_S7_L001,1,1,1,0
ResetH68_S1_L001,0,1,0,0
ResetH75_S2_L001,1,1,1,1
ResetH8_S2_L001,0,1,0,0
ResetH89_S3_L001,0,1,1,0
ResetH92_S4_L001,1,1,1,0
ResetH93_S5_L001,1,1,1,1
ResetH98_S4_L001,0,1,0,0
ResetH99_S5_L001,0,1,0,0
ResetV105_S1_L001,1,1,0,0
ResetV143_S2_L001,1,1,0,1
ResetV161_S3_L001,1,1,1,0
ResetV210_S4_L001,1,1,1,1
ResetV260_S5_L001,1,1,1,0
ResetV288_S6_L001,1,1,0,1
ResetV63_S5_L001,1,1,0,0
ResetV70_S6_L001,1,1,1,1
ResetV74_S7_L001,1,1,1,0
ResetV76_S7_L001,0,1,0,0
RPG-18-0435-1_S32,0,0,0,0
Survcare0111_S29,0,1,1,0
Survcare0114_S37,1,1,1,0
Survcare052_S22,1,1,1,0
Survcare058_S26,1,1,1,0
Survcare104_S16_L001,1,1,1,1
Survcare125_S25,0,1,1,1
Survcare129_S1,0,1,1,0
Survcare130_S2,0,1,1,0
Survcare133_S25,0,1,1,0
Survcare134_S26,0,1,1,0
Survcare140_S4_L001,0,1,1,0
Survcare176_S17_L001,1,1,1,1
Survcare184_S19,0,1,1,1
Survcare187_S32,1,1,1,0
Survcare190_S35,0,1,1,1
Survcare221_S7_L001,0,1,1,0
Survcare230_S17_L001,1,1,1,1
Survcare234_S3_L001,0,1,1,0
Survcare236_S5_L001,0,1,1,1
Survcare244_S9_L001,0,1,1,0
Survcare253_S35,1,1,1,0
Survcare254_S36,1,1,1,0
Survcare262_S23_L001,1,1,1,1
Survcare265_S20,0,1,1,1
Survcare275_S38,0,1,1,1
Survcare278_S62,1,1,1,1
Survcare289_S36,1,1,1,1
Survcare291_S38,0,1,1,1
Survcare292_S39,1,1,1,0
Survcare293_S40,1,1,1,1
Survcare295_S8_L001,1,1,1,0
Survcare303_S15_L001,0,1,1,0
Survcare309_S20_L001,1,1,1,1
Survcare310_S21_L001,0,1,1,1
Survcare313_S24_L001,0,1,1,1
Survcare317_S5_L001,1,1,1,0
Survcare318_S20_L001,0,1,1,0
Survcare319_S16,0,1,1,0
Survcare321_S18,1,1,1,0
Survcare327_S1,1,1,1,0
Survcare329_S3,1,1,1,0
Survcare334_S10,0,1,1,0
Survcare335_S11,0,1,1,1
Survcare337_S12,0,1,1,0
Survcare341_S25,1,1,1,0
Survcare350_S44,1,1,1,0
Survcare360_S84,1,1,1,0
V1_S6_L001,1,1,0,1
V108_S2_L001,0,1,0,0
V111_S3_L001,0,1,0,0
V113_S3_L001,0,1,0,0
V114_S5_L001,1,1,1,0
V116_S6_L001,1,1,0,0
V120_S5_L001,1,1,0,1
V123_S1_L001,1,1,0,0
V130_S5_L001,1,1,1,1
V131_S7_L001,1,1,1,1
V139_S7_L001,1,1,0,0
V152_S3_L001,0,1,0,1
V153_S4_L001,0,1,0,1
V155_S5_L001,0,1,0,1
V158_S4_L001,0,1,1,0
V163_S6_L001,0,1,0,1
V168_S9_L001,1,1,1,1
V172_S5_L001,0,1,0,1
V173_S6_L001,0,1,0,1
V177_S6_L001,1,1,1,0
V182_S6_L001,1,1,1,1
V183_S7_L001,0,1,0,1
V195_S1_L001,1,1,1,1
V201_S4_L001,1,1,1,0
V205_S3_L001,1,1,0,0
V215_S2_L001,0,1,0,1
V228_S8_L001,0,1,1,1
V229_S10_L001,0,1,1,1
V232_S3_L001,0,1,0,0
V238_S11_L001,1,1,0,1
V268_S12_L001,1,1,1,1
V271_S13_L001,1,1,1,0
V279_S8_L001,1,1,1,1
V282_S4_L001,1,1,0,0
V283_S5_L001,1,1,1,1
V289_S5_L001,1,1,0,1
V291_S5_L001,1,1,1,1
V292_S6_L001,1,1,1,1
V295_S7_L001,1,1,0,0
V40_S2_L001,1,1,1,1
V41_S2_L001,1,1,0,1
V64_S3_L001,1,1,0,0
V71_S4_L001,1,1,1,1
V73_S5_L001,1,1,1,1
V79_S6_L001,1,1,0,0
V8_S7_L001,0,1,0,0
V80_S7_L001,0,1,1,0
V86_S1_L001,1,1,1,1
V89_S1_L001,0,1,0,0
V9_S1_L001,1,1,1,1
V96_S2_L001,1,1,1,1
V98_S3_L001,1,1,1,1
W2RBF-17-090-1_S26,0,1,1,0
W2RBF-17-133-1_S28,0,1,1,0
w2RBG-16-037-1_S34,1,0,0,0
W2RBK-17-168-1_S33,1,1,1,0
W2RBK-17-169-1_S34,0,1,1,0
W2RBL-16-018-1_S15,1,1,1,1
wdh-RBB-16-025-1_S20,1,1,0,0
wdh-RBB-17-170-1_S16,1,1,1,0
wdh-RBF-17-0572-1_S43,0,0,0,0
wdh-RBL-17-0361-1_S44,0,0,0,0
wdh-RBL-17-0431-1_S46,0,0,0,0
wdh-Survcare119_S44,0,1,1,0
wdh2NRZ-29911a_S31,1,1,1,1
wdhRBF-10-0002-1_S10_L001,1,1,1,1
wdhRBF-17-0558-1_S121,0,0,0,0
wdhRBF-17-0564-1_S230,1,1,0,0
wdhRBF-17-0567-1_S122,0,0,0,0
wdhRBF-18-0025-1_S11_L001,0,0,0,0
wdhRBF-18-0048-1_S12_L001,0,0,0,0
wdhRBF-18-0049-1_S13_L001,0,0,0,0
wdhRBF-18-0057_S14_L001,0,0,0,0
wdhRBF-18-0059-1_S15_L001,0,0,0,0
wdhRBF-18-0080-1_S17_L001,0,0,0,0
wdhRBF-18-0081-1_S18_L001,0,0,0,0
wdhRBF-18-0098-1_S19_L001,0,0,0,0
WDHRBG-16-049-1_S87,1,0,0,0
WDHRBG-16-050-1_S40,1,1,1,0
WDHRBG-16-060-1_S27,0,0,0,0
WDHRBG-16-062-1_S49,0,0,0,0
WDHRBG-17-001-1_S82,1,0,0,0
WDHRBG-17-005-2_S61,0,0,0,0
WDHRBG-17-008-1_S83,0,0,0,0
WDHRBG-17-0093-1_S1,1,1,1,0
WDHRBG-17-0256-1_S17,1,0,0,0
WDHRBG-17-121-1_S46,0,0,0,0
WDHRBG-17-122-1_S48,1,0,0,0
wdhRBL-17-0370-1_S232,1,0,0,0
wNRZ-32446_S79,1,1,1,1
wNRZ-33910_S81,0,1,1,1
wRBF-17-0146-1_S35,1,1,1,1
wRBG-16-024-1_S152,1,0,0,0
wRBG-16-026-1_S163,0,0,0,0
wRBG-16-027-1_S174,0,0,0,0
wRBG-16-032-1_S142,0,0,0,0
wRBG-16-033-1_S153,0,0,0,0
wRBG-16-034-1_S164,0,0,0,0
wRBG-17-014-1_S167,0,0,0,0
wRBG-17-021-1_S166,0,0,0,0
wRBG-17-022-1_S43,1,1,1,0
wRBG-17-023-1_S155,0,0,0,0
wRBG-17-025-1_S133,0,0,0,0
wRBG-17-028-1_S100,0,0,0,0
wRBG-17-030-1_S165,0,0,0,0
wRBG-17-031-1_S154,0,0,0,0
wRBG-17-034-1_S121,0,0,0,0
wRBG-17-047-1_S153,0,0,0,0
wRBG-17-049-1_S142,0,0,0,0
wRBG-17-052-1_S120,1,0,0,0
wRBG-17-055-1_S163,1,0,0,0
wRBG-17-057-1_S141,0,0,0,0
wRBG-17-058-1_S130,0,0,0,0
wRBG-17-072-1_S129,0,0,0,0
wRBG-17-073-1_S118,0,0,0,0
wRBG-17-075-1_S96,0,0,0,0
wRBG-17-081-1_S117,0,0,0,0
wRBG-17-082-1_S106,0,0,0,1
wRBG-17-100-1_S104,1,0,0,0
wRBG-17-102-1_S169,0,0,0,0
wRBG-17-106-1_S125,0,0,0,1
wRBG-17-110-1_S168,0,0,0,0
wRBG-17-112-1_S146,0,0,0,0
wwRBB-16-112-1_S1,1,1,1,1
wwRBB-17-031-1_S25,1,1,1,0
wwRBF-16-007-1_S10,1,1,1,1
wwRBF-16-094-1_S13,0,1,1,0
wwRBF-17-148-1_S27,0,1,0,0
wwRBF-17-167-1_S31,1,1,1,1
wwRBF-17-189-1_S32,1,1,1,1
wwRBF-17-209-1_S34,1,0,0,1
wwRBF-17-251-1_S33,1,1,1,0
wwRBK-16-023-1_S5,1,1,1,0
wwRBK-17-0148-1_S37,1,1,1,1
wwRBK-17-0148-2_S38,1,1,1,1
wwRBK-17-0197-1_S39,1,1,1,1
wwRBK-17-0278-1_S41,0,1,1,0
wwRBK-17-0298-1_S42,1,1,1,0
wwRBK-17-075-1_S28,1,1,1,1
wwRBL-16-111-1_S16,1,1,1,0
wwRBL-17-004-1_S44,1,1,1,1
WWSurvcare043_S43,1,1,1,0
